,aic,ar,ma,seasonal_ar,seasonal_integration,seasonal_ma,warning
0,2523.425046414102,0,0,0,0,0,0
1,2523.262476148029,0,0,0,0,1,0
2,1000000.0,0,0,0,0,2,1
3,2293.561001856903,0,0,0,1,0,0
4,2166.0034710106906,0,0,0,1,1,0
5,1000000.0,0,0,0,1,2,1
6,2520.69643702506,0,0,1,0,0,0
7,2468.9104785578766,0,0,1,0,1,0
8,1000000.0,0,0,1,0,2,1
9,2085.0259328275224,0,0,1,1,0,0
10,2086.8494454927604,0,0,1,1,1,0
11,1000000.0,0,0,1,1,2,1
12,2390.8351062196643,0,0,2,0,0,0
13,2392.0976198104727,0,0,2,0,1,0
14,1000000.0,0,0,2,0,2,1
15,2086.991170044049,0,0,2,1,0,0
16,2081.175846975881,0,0,2,1,1,0
17,1000000.0,0,0,2,1,2,1
18,2483.7374344028385,0,1,0,0,0,0
19,2483.1591933405193,0,1,0,0,1,0
20,1000000.0,0,1,0,0,2,1
21,2262.730684757402,0,1,0,1,0,0
22,2138.8255374264736,0,1,0,1,1,0
23,1000000.0,0,1,0,1,2,1
24,2480.4402070428514,0,1,1,0,0,0
25,2435.8449997738926,0,1,1,0,1,0
26,1000000.0,0,1,1,0,2,1
27,2073.9392895263536,0,1,1,1,0,0
28,2073.782718795786,0,1,1,1,1,0
29,1000000.0,0,1,1,1,2,1
30,2373.481977093377,0,1,2,0,0,0
31,2374.7890949692674,0,1,2,0,1,0
32,1000000.0,0,1,2,0,2,1
33,2075.3729606145052,0,1,2,1,0,0
34,10.0,0,1,2,1,1,0
35,1000000.0,0,1,2,1,2,1
36,2485.7172332766386,0,2,0,0,0,0
37,2485.158138485599,0,2,0,0,1,0
38,1000000.0,0,2,0,0,2,1
39,2264.7280112513454,0,2,0,1,0,0
40,2140.824498328394,0,2,0,1,1,0
41,1000000.0,0,2,0,1,2,1
42,2482.434643487336,0,2,1,0,0,0
43,2437.8460900944974,0,2,1,0,1,0
44,1000000.0,0,2,1,0,2,1
45,2075.3755005104135,0,2,1,1,0,0
46,2075.398337917969,0,2,1,1,1,0
47,1000000.0,0,2,1,1,2,1
48,2375.2563614911405,0,2,2,0,0,0
49,2376.582162327599,0,2,2,0,1,0
50,1000000.0,0,2,2,0,2,1
51,2076.852491172555,0,2,2,1,0,0
52,2073.6648710325226,0,2,2,1,1,0
53,1000000.0,0,2,2,1,2,1
54,2486.531108547525,0,3,0,0,0,0
55,2486.7422449922897,0,3,0,0,1,0
56,1000000.0,0,3,0,0,2,1
57,2259.0578873207623,0,3,0,1,0,0
58,2137.082466674956,0,3,0,1,1,0
59,1000000.0,0,3,0,1,2,1
60,2484.4173861488052,0,3,1,0,0,0
61,2437.4476622394313,0,3,1,0,1,0
62,1000000.0,0,3,1,0,2,1
63,2076.5646830861365,0,3,1,1,0,0
64,2075.9790268118613,0,3,1,1,1,0
65,1000000.0,0,3,1,1,2,1
66,2377.240704388876,0,3,2,0,0,0
67,2378.4209966228827,0,3,2,0,1,0
68,1000000.0,0,3,2,0,2,1
69,2077.906540995665,0,3,2,1,0,0
70,2074.6207694709783,0,3,2,1,1,0
71,1000000.0,0,3,2,1,2,1
72,2488.525506623845,0,4,0,0,0,0
73,2488.7349637680254,0,4,0,0,1,0
74,1000000.0,0,4,0,0,2,1
75,2259.6263522674803,0,4,0,1,0,0
76,2137.935933229134,0,4,0,1,1,0
77,1000000.0,0,4,0,1,2,1
78,2486.3892999420214,0,4,1,0,0,0
79,2438.9167689982387,0,4,1,0,1,0
80,1000000.0,0,4,1,0,2,1
81,2075.3177982632346,0,4,1,1,0,0
82,2074.986469657063,0,4,1,1,1,0
83,1000000.0,0,4,1,1,2,1
84,2376.4825054659486,0,4,2,0,0,0
85,2377.905140484255,0,4,2,0,1,0
86,1000000.0,0,4,2,0,2,1
87,2076.6830034648256,0,4,2,1,0,0
88,1000000.0,0,4,2,1,1,1
89,1000000.0,0,4,2,1,2,1
90,2487.1990572793857,0,5,0,0,0,0
91,2488.3758874652285,0,5,0,0,1,0
92,1000000.0,0,5,0,0,2,1
93,2258.674050469338,0,5,0,1,0,0
94,1000000.0,0,5,0,1,1,1
95,1000000.0,0,5,0,1,2,1
96,2487.139400383825,0,5,1,0,0,0
97,2440.9377380508236,0,5,1,0,1,0
98,1000000.0,0,5,1,0,2,1
99,2075.6848611948517,0,5,1,1,0,0
100,2075.671250337362,0,5,1,1,1,0
101,1000000.0,0,5,1,1,2,1
102,2375.916092960047,0,5,2,0,0,0
103,1000000.0,0,5,2,0,1,1
104,1000000.0,0,5,2,0,2,1
105,2077.1438026273763,0,5,2,1,0,0
106,1000000.0,0,5,2,1,1,1
107,1000000.0,0,5,2,1,2,1
108,2486.65769124046,0,6,0,0,0,0
109,2488.1203474789395,0,6,0,0,1,0
110,1000000.0,0,6,0,0,2,1
111,2260.169301458779,0,6,0,1,0,0
112,1000000.0,0,6,0,1,1,1
113,1000000.0,0,6,0,1,2,1
114,2487.263385743755,0,6,1,0,0,0
115,2442.2387187287272,0,6,1,0,1,0
116,1000000.0,0,6,1,0,2,1
117,2077.1360071957897,0,6,1,1,0,0
118,1000000.0,0,6,1,1,1,1
119,1000000.0,0,6,1,1,2,1
120,2376.3263170281652,0,6,2,0,0,0
121,1000000.0,0,6,2,0,1,1
122,1000000.0,0,6,2,0,2,1
123,1000000.0,0,6,2,1,0,1
124,2087.750273957288,0,6,2,1,1,0
125,1000000.0,0,6,2,1,2,1
126,2490.666331768437,1,0,0,0,0,0
127,2490.8057344948625,1,0,0,0,1,0
128,1000000.0,1,0,0,0,2,1
129,2274.133743102704,1,0,0,1,0,0
130,2148.03807998066,1,0,0,1,1,0
131,1000000.0,1,0,0,1,2,1
132,2488.8341477032095,1,0,1,0,0,0
133,2445.3412873114185,1,0,1,0,1,0
134,1000000.0,1,0,1,0,2,1
135,2076.7897586256786,1,0,1,1,0,0
136,2077.427045141219,1,0,1,1,1,0
137,1000000.0,1,0,1,1,2,1
138,2376.833443274739,1,0,2,0,0,0
139,2378.7138297013794,1,0,2,0,1,0
140,1000000.0,1,0,2,0,2,1
141,2078.4668390122006,1,0,2,1,0,0
142,2074.1236555383202,1,0,2,1,1,0
143,1000000.0,1,0,2,1,2,1
144,2485.7347857186323,1,1,0,0,0,0
145,2485.157944069093,1,1,0,0,1,0
146,1000000.0,1,1,0,0,2,1
147,2264.729670054917,1,1,0,1,0,0
148,2140.8362556705947,1,1,0,1,1,0
149,1000000.0,1,1,0,1,2,1
150,2482.434453443094,1,1,1,0,0,0
151,2437.8187355830405,1,1,1,0,1,0
152,1000000.0,1,1,1,0,2,1
153,2084.930628034612,1,1,1,1,0,0
154,2090.416208156683,1,1,1,1,1,0
155,1000000.0,1,1,1,1,2,1
156,2375.2564749908865,1,1,2,0,0,0
157,2376.606295126189,1,1,2,0,1,0
158,1000000.0,1,1,2,0,2,1
159,2086.9120449077054,1,1,2,1,0,0
160,1000000.0,1,1,2,1,1,1
161,1000000.0,1,1,2,1,2,1
162,2487.6177671370624,1,2,0,0,0,0
163,2487.1365649186696,1,2,0,0,1,0
164,1000000.0,1,2,0,0,2,1
165,2259.953221226612,1,2,0,1,0,0
166,1000000.0,1,2,0,1,1,1
167,1000000.0,1,2,0,1,2,1
168,2484.407001403223,1,2,1,0,0,0
169,2439.844893589289,1,2,1,0,1,0
170,1000000.0,1,2,1,0,2,1
171,2077.864328097174,1,2,1,1,0,0
172,2077.7662922016643,1,2,1,1,1,0
173,1000000.0,1,2,1,1,2,1
174,1000000.0,1,2,2,0,0,1
175,1000000.0,1,2,2,0,1,1
176,1000000.0,1,2,2,0,2,1
177,2079.3590454402156,1,2,2,1,0,0
178,2075.9997971083903,1,2,2,1,1,0
179,1000000.0,1,2,2,1,2,1
180,2489.7156281101215,1,3,0,0,0,0
181,2489.1485029388596,1,3,0,0,1,0
182,1000000.0,1,3,0,0,2,1
183,2260.342224499156,1,3,0,1,0,0
184,1000000.0,1,3,0,1,1,1
185,1000000.0,1,3,0,1,2,1
186,2486.4154430831877,1,3,1,0,0,0
187,1000000.0,1,3,1,0,1,1
188,1000000.0,1,3,1,0,2,1
189,2079.3121603105583,1,3,1,1,0,0
190,2079.349286675417,1,3,1,1,1,0
191,1000000.0,1,3,1,1,2,1
192,2379.1555946333465,1,3,2,0,0,0
193,1000000.0,1,3,2,0,1,1
194,1000000.0,1,3,2,0,2,1
195,2080.818653674907,1,3,2,1,0,0
196,2077.626781107904,1,3,2,1,1,0
197,1000000.0,1,3,2,1,2,1
198,2476.4955287438092,1,4,0,0,0,0
199,2477.183578128518,1,4,0,0,1,0
200,1000000.0,1,4,0,0,2,1
201,2258.822183531997,1,4,0,1,0,0
202,2141.069538676157,1,4,0,1,1,0
203,1000000.0,1,4,0,1,2,1
204,2475.4697477364416,1,4,1,0,0,0
205,2430.590287374702,1,4,1,0,1,0
206,1000000.0,1,4,1,0,2,1
207,2074.335673450776,1,4,1,1,0,0
208,1000000.0,1,4,1,1,1,1
209,1000000.0,1,4,1,1,2,1
210,2367.784796615404,1,4,2,0,0,0
211,2381.90043985012,1,4,2,0,1,0
212,1000000.0,1,4,2,0,2,1
213,2075.8209592404896,1,4,2,1,0,0
214,1000000.0,1,4,2,1,1,1
215,1000000.0,1,4,2,1,2,1
216,1000000.0,1,5,0,0,0,1
217,1000000.0,1,5,0,0,1,1
218,1000000.0,1,5,0,0,2,1
219,2260.260856459662,1,5,0,1,0,0
220,1000000.0,1,5,0,1,1,1
221,1000000.0,1,5,0,1,2,1
222,1000000.0,1,5,1,0,0,1
223,1000000.0,1,5,1,0,1,1
224,1000000.0,1,5,1,0,2,1
225,2074.7914456189064,1,5,1,1,0,0
226,1000000.0,1,5,1,1,1,1
227,1000000.0,1,5,1,1,2,1
228,1000000.0,1,5,2,0,0,1
229,1000000.0,1,5,2,0,1,1
230,1000000.0,1,5,2,0,2,1
231,1000000.0,1,5,2,1,0,1
232,1000000.0,1,5,2,1,1,1
233,1000000.0,1,5,2,1,2,1
234,2478.3176190035438,1,6,0,0,0,0
235,2479.65237587802,1,6,0,0,1,0
236,1000000.0,1,6,0,0,2,1
237,2255.6286662996936,1,6,0,1,0,0
238,1000000.0,1,6,0,1,1,1
239,1000000.0,1,6,0,1,2,1
240,2478.679402450928,1,6,1,0,0,0
241,2438.2713683766888,1,6,1,0,1,0
242,1000000.0,1,6,1,0,2,1
243,1000000.0,1,6,1,1,0,1
244,1000000.0,1,6,1,1,1,1
245,1000000.0,1,6,1,1,2,1
246,2370.3370927676615,1,6,2,0,0,0
247,1000000.0,1,6,2,0,1,1
248,1000000.0,1,6,2,0,2,1
249,1000000.0,1,6,2,1,0,1
250,1000000.0,1,6,2,1,1,1
251,1000000.0,1,6,2,1,2,1
252,2489.3875865988593,2,0,0,0,0,0
253,2488.113045482123,2,0,0,0,1,0
254,1000000.0,2,0,0,0,2,1
255,2256.6963276243237,2,0,0,1,0,0
256,2134.302148139469,2,0,0,1,1,0
257,1000000.0,2,0,0,1,2,1
258,2484.2135755095987,2,0,1,0,0,0
259,2434.5355572717435,2,0,1,0,1,0
260,1000000.0,2,0,1,0,2,1
261,2074.169938612541,2,0,1,1,0,0
262,2073.2929702550423,2,0,1,1,1,0
263,1000000.0,2,0,1,1,2,1
264,2375.125144782493,2,0,2,0,0,0
265,2375.9632821628434,2,0,2,0,1,0
266,1000000.0,2,0,2,0,2,1
267,2075.410940629421,2,0,2,1,0,0
268,1000000.0,2,0,2,1,1,1
269,1000000.0,2,0,2,1,2,1
270,2487.0362876249887,2,1,0,0,0,0
271,2486.8820517865443,2,1,0,0,1,0
272,1000000.0,2,1,0,0,2,1
273,2258.638824687462,2,1,0,1,0,0
274,2136.0754153249027,2,1,0,1,1,0
275,1000000.0,2,1,0,1,2,1
276,2484.421060211704,2,1,1,0,0,0
277,1000000.0,2,1,1,0,1,1
278,1000000.0,2,1,1,0,2,1
279,2080.6351133476787,2,1,1,1,0,0
280,2081.4253282733307,2,1,1,1,1,0
281,1000000.0,2,1,1,1,2,1
282,1000000.0,2,1,2,0,0,1
283,1000000.0,2,1,2,0,1,1
284,1000000.0,2,1,2,0,2,1
285,1000000.0,2,1,2,1,0,1
286,2078.0961335923876,2,1,2,1,1,0
287,1000000.0,2,1,2,1,2,1
288,1000000.0,2,2,0,0,0,1
289,1000000.0,2,2,0,0,1,1
290,1000000.0,2,2,0,0,2,1
291,2259.3456975968293,2,2,0,1,0,0
292,1000000.0,2,2,0,1,1,1
293,1000000.0,2,2,0,1,2,1
294,1000000.0,2,2,1,0,0,1
295,1000000.0,2,2,1,0,1,1
296,1000000.0,2,2,1,0,2,1
297,1000000.0,2,2,1,1,0,1
298,1000000.0,2,2,1,1,1,1
299,1000000.0,2,2,1,1,2,1
300,1000000.0,2,2,2,0,0,1
301,1000000.0,2,2,2,0,1,1
302,1000000.0,2,2,2,0,2,1
303,2073.822024362516,2,2,2,1,0,0
304,1000000.0,2,2,2,1,1,1
305,1000000.0,2,2,2,1,2,1
306,1000000.0,2,3,0,0,0,1
307,1000000.0,2,3,0,0,1,1
308,1000000.0,2,3,0,0,2,1
309,2260.635117301107,2,3,0,1,0,0
310,1000000.0,2,3,0,1,1,1
311,1000000.0,2,3,0,1,2,1
312,1000000.0,2,3,1,0,0,1
313,1000000.0,2,3,1,0,1,1
314,1000000.0,2,3,1,0,2,1
315,1000000.0,2,3,1,1,0,1
316,1000000.0,2,3,1,1,1,1
317,1000000.0,2,3,1,1,2,1
318,1000000.0,2,3,2,0,0,1
319,1000000.0,2,3,2,0,1,1
320,1000000.0,2,3,2,0,2,1
321,2083.346516537841,2,3,2,1,0,0
322,1000000.0,2,3,2,1,1,1
323,1000000.0,2,3,2,1,2,1
324,2468.314454308519,2,4,0,0,0,0
325,2469.893850358394,2,4,0,0,1,0
326,1000000.0,2,4,0,0,2,1
327,1000000.0,2,4,0,1,0,1
328,1000000.0,2,4,0,1,1,1
329,1000000.0,2,4,0,1,2,1
330,2469.4163612647944,2,4,1,0,0,0
331,1000000.0,2,4,1,0,1,1
332,1000000.0,2,4,1,0,2,1
333,2083.3436852505097,2,4,1,1,0,0
334,1000000.0,2,4,1,1,1,1
335,1000000.0,2,4,1,1,2,1
336,1000000.0,2,4,2,0,0,1
337,2388.3572829122027,2,4,2,0,1,0
338,1000000.0,2,4,2,0,2,1
339,1000000.0,2,4,2,1,0,1
340,1000000.0,2,4,2,1,1,1
341,1000000.0,2,4,2,1,2,1
342,1000000.0,2,5,0,0,0,1
343,1000000.0,2,5,0,0,1,1
344,1000000.0,2,5,0,0,2,1
345,1000000.0,2,5,0,1,0,1
346,2145.124664172544,2,5,0,1,1,0
347,1000000.0,2,5,0,1,2,1
348,1000000.0,2,5,1,0,0,1
349,1000000.0,2,5,1,0,1,1
350,1000000.0,2,5,1,0,2,1
351,2084.6093295959454,2,5,1,1,0,0
352,2083.976342114412,2,5,1,1,1,0
353,1000000.0,2,5,1,1,2,1
354,1000000.0,2,5,2,0,0,1
355,1000000.0,2,5,2,0,1,1
356,1000000.0,2,5,2,0,2,1
357,2085.9148299142544,2,5,2,1,0,0
358,2082.612467700398,2,5,2,1,1,0
359,1000000.0,2,5,2,1,2,1
360,2479.329630217967,2,6,0,0,0,0
361,2480.8010573630927,2,6,0,0,1,0
362,1000000.0,2,6,0,0,2,1
363,1000000.0,2,6,0,1,0,1
364,1000000.0,2,6,0,1,1,1
365,1000000.0,2,6,0,1,2,1
366,2480.0269625348583,2,6,1,0,0,0
367,1000000.0,2,6,1,0,1,1
368,1000000.0,2,6,1,0,2,1
369,1000000.0,2,6,1,1,0,1
370,1000000.0,2,6,1,1,1,1
371,1000000.0,2,6,1,1,2,1
372,1000000.0,2,6,2,0,0,1
373,1000000.0,2,6,2,0,1,1
374,1000000.0,2,6,2,0,2,1
375,1000000.0,2,6,2,1,0,1
376,1000000.0,2,6,2,1,1,1
377,1000000.0,2,6,2,1,2,1
378,2489.3270358370755,3,0,0,0,0,0
379,2488.672571296124,3,0,0,0,1,0
380,1000000.0,3,0,0,0,2,1
381,2258.5944725876498,3,0,0,1,0,0
382,2135.9655473576527,3,0,0,1,1,0
383,1000000.0,3,0,0,1,2,1
384,2485.3711055482368,3,0,1,0,0,0
385,1000000.0,3,0,1,0,1,1
386,1000000.0,3,0,1,0,2,1
387,2075.0867963376895,3,0,1,1,0,0
388,2073.917201365224,3,0,1,1,1,0
389,1000000.0,3,0,1,1,2,1
390,2376.9233724893215,3,0,2,0,0,0
391,2377.6273347884007,3,0,2,0,1,0
392,1000000.0,3,0,2,0,2,1
393,2076.2459325445116,3,0,2,1,0,0
394,1000000.0,3,0,2,1,1,1
395,1000000.0,3,0,2,1,2,1
396,2488.4838799367244,3,1,0,0,0,0
397,2488.7540829068976,3,1,0,0,1,0
398,1000000.0,3,1,0,0,2,1
399,2260.1454561980586,3,1,0,1,0,0
400,2138.2985546239042,3,1,0,1,1,0
401,1000000.0,3,1,0,1,2,1
402,2486.416385405678,3,1,1,0,0,0
403,2438.5817518096737,3,1,1,0,1,0
404,1000000.0,3,1,1,0,2,1
405,2072.1147456033964,3,1,1,1,0,0
406,1000000.0,3,1,1,1,1,1
407,1000000.0,3,1,1,1,2,1
408,2377.732556481506,3,1,2,0,0,0
409,1000000.0,3,1,2,0,1,1
410,1000000.0,3,1,2,0,2,1
411,2079.334025318233,3,1,2,1,0,0
412,1000000.0,3,1,2,1,1,1
413,1000000.0,3,1,2,1,2,1
414,1000000.0,3,2,0,0,0,1
415,1000000.0,3,2,0,0,1,1
416,1000000.0,3,2,0,0,2,1
417,2260.882746641436,3,2,0,1,0,0
418,1000000.0,3,2,0,1,1,1
419,1000000.0,3,2,0,1,2,1
420,1000000.0,3,2,1,0,0,1
421,1000000.0,3,2,1,0,1,1
422,1000000.0,3,2,1,0,2,1
423,1000000.0,3,2,1,1,0,1
424,2085.427738086855,3,2,1,1,1,0
425,1000000.0,3,2,1,1,2,1
426,1000000.0,3,2,2,0,0,1
427,1000000.0,3,2,2,0,1,1
428,1000000.0,3,2,2,0,2,1
429,1000000.0,3,2,2,1,0,1
430,1000000.0,3,2,2,1,1,1
431,1000000.0,3,2,2,1,2,1
432,1000000.0,3,3,0,0,0,1
433,1000000.0,3,3,0,0,1,1
434,1000000.0,3,3,0,0,2,1
435,1000000.0,3,3,0,1,0,1
436,1000000.0,3,3,0,1,1,1
437,1000000.0,3,3,0,1,2,1
438,1000000.0,3,3,1,0,0,1
439,1000000.0,3,3,1,0,1,1
440,1000000.0,3,3,1,0,2,1
441,1000000.0,3,3,1,1,0,1
442,1000000.0,3,3,1,1,1,1
443,1000000.0,3,3,1,1,2,1
444,1000000.0,3,3,2,0,0,1
445,1000000.0,3,3,2,0,1,1
446,1000000.0,3,3,2,0,2,1
447,1000000.0,3,3,2,1,0,1
448,1000000.0,3,3,2,1,1,1
449,1000000.0,3,3,2,1,2,1
450,1000000.0,3,4,0,0,0,1
451,1000000.0,3,4,0,0,1,1
452,1000000.0,3,4,0,0,2,1
453,1000000.0,3,4,0,1,0,1
454,1000000.0,3,4,0,1,1,1
455,1000000.0,3,4,0,1,2,1
456,1000000.0,3,4,1,0,0,1
457,1000000.0,3,4,1,0,1,1
458,1000000.0,3,4,1,0,2,1
459,1000000.0,3,4,1,1,0,1
460,2169.531867326553,3,4,1,1,1,0
461,1000000.0,3,4,1,1,2,1
462,1000000.0,3,4,2,0,0,1
463,1000000.0,3,4,2,0,1,1
464,1000000.0,3,4,2,0,2,1
465,1000000.0,3,4,2,1,0,1
466,2120.892652035088,3,4,2,1,1,0
467,1000000.0,3,4,2,1,2,1
468,1000000.0,3,5,0,0,0,1
469,1000000.0,3,5,0,0,1,1
470,1000000.0,3,5,0,0,2,1
471,1000000.0,3,5,0,1,0,1
472,2143.80155862624,3,5,0,1,1,0
473,1000000.0,3,5,0,1,2,1
474,1000000.0,3,5,1,0,0,1
475,1000000.0,3,5,1,0,1,1
476,1000000.0,3,5,1,0,2,1
477,1000000.0,3,5,1,1,0,1
478,1000000.0,3,5,1,1,1,1
479,1000000.0,3,5,1,1,2,1
480,1000000.0,3,5,2,0,0,1
481,1000000.0,3,5,2,0,1,1
482,1000000.0,3,5,2,0,2,1
483,1000000.0,3,5,2,1,0,1
484,1000000.0,3,5,2,1,1,1
485,1000000.0,3,5,2,1,2,1
486,1000000.0,3,6,0,0,0,1
487,1000000.0,3,6,0,0,1,1
488,1000000.0,3,6,0,0,2,1
489,1000000.0,3,6,0,1,0,1
490,1000000.0,3,6,0,1,1,1
491,1000000.0,3,6,0,1,2,1
492,1000000.0,3,6,1,0,0,1
493,1000000.0,3,6,1,0,1,1
494,1000000.0,3,6,1,0,2,1
495,1000000.0,3,6,1,1,0,1
496,1000000.0,3,6,1,1,1,1
497,1000000.0,3,6,1,1,2,1
498,1000000.0,3,6,2,0,0,1
499,1000000.0,3,6,2,0,1,1
500,1000000.0,3,6,2,0,2,1
501,2111.4608567494997,3,6,2,1,0,0
502,1000000.0,3,6,2,1,1,1
503,1000000.0,3,6,2,1,2,1
504,2487.935436503555,4,0,0,0,0,0
505,2488.652044231974,4,0,0,0,1,0
506,1000000.0,4,0,0,0,2,1
507,2259.0942304179107,4,0,0,1,0,0
508,2137.1721110988783,4,0,0,1,1,0
509,1000000.0,4,0,0,1,2,1
510,2486.631553813469,4,0,1,0,0,0
511,1000000.0,4,0,1,0,1,1
512,1000000.0,4,0,1,0,2,1
513,2075.1157780163617,4,0,1,1,0,0
514,2074.9383052902576,4,0,1,1,1,0
515,1000000.0,4,0,1,1,2,1
516,2376.533907035594,4,0,2,0,0,0
517,2377.9680915332433,4,0,2,0,1,0
518,1000000.0,4,0,2,0,2,1
519,2076.5532047389397,4,0,2,1,0,0
520,1000000.0,4,0,2,1,1,1
521,1000000.0,4,0,2,1,2,1
522,2488.888223872362,4,1,0,0,0,0
523,2489.7408686948565,4,1,0,0,1,0
524,1000000.0,4,1,0,0,2,1
525,2261.1069338520456,4,1,0,1,0,0
526,2136.3624247204452,4,1,0,1,1,0
527,1000000.0,4,1,0,1,2,1
528,2488.0114606123925,4,1,1,0,0,0
529,2440.534663141552,4,1,1,0,1,0
530,1000000.0,4,1,1,0,2,1
531,2079.0546389026595,4,1,1,1,0,0
532,2077.7752061974743,4,1,1,1,1,0
533,1000000.0,4,1,1,1,2,1
534,1000000.0,4,1,2,0,0,1
535,1000000.0,4,1,2,0,1,1
536,1000000.0,4,1,2,0,2,1
537,2080.2415434647746,4,1,2,1,0,0
538,1000000.0,4,1,2,1,1,1
539,1000000.0,4,1,2,1,2,1
540,2489.155428872855,4,2,0,0,0,0
541,2488.9718688007906,4,2,0,0,1,0
542,1000000.0,4,2,0,0,2,1
543,2263.083664145908,4,2,0,1,0,0
544,1000000.0,4,2,0,1,1,1
545,1000000.0,4,2,0,1,2,1
546,2485.520468209179,4,2,1,0,0,0
547,1000000.0,4,2,1,0,1,1
548,1000000.0,4,2,1,0,2,1
549,2077.6585513357604,4,2,1,1,0,0
550,1000000.0,4,2,1,1,1,1
551,1000000.0,4,2,1,1,2,1
552,1000000.0,4,2,2,0,0,1
553,1000000.0,4,2,2,0,1,1
554,1000000.0,4,2,2,0,2,1
555,2083.3420164623485,4,2,2,1,0,0
556,2078.8424456009043,4,2,2,1,1,0
557,1000000.0,4,2,2,1,2,1
558,1000000.0,4,3,0,0,0,1
559,1000000.0,4,3,0,0,1,1
560,1000000.0,4,3,0,0,2,1
561,1000000.0,4,3,0,1,0,1
562,1000000.0,4,3,0,1,1,1
563,1000000.0,4,3,0,1,2,1
564,1000000.0,4,3,1,0,0,1
565,1000000.0,4,3,1,0,1,1
566,1000000.0,4,3,1,0,2,1
567,1000000.0,4,3,1,1,0,1
568,1000000.0,4,3,1,1,1,1
569,1000000.0,4,3,1,1,2,1
570,1000000.0,4,3,2,0,0,1
571,1000000.0,4,3,2,0,1,1
572,1000000.0,4,3,2,0,2,1
573,1000000.0,4,3,2,1,0,1
574,1000000.0,4,3,2,1,1,1
575,1000000.0,4,3,2,1,2,1
576,1000000.0,4,4,0,0,0,1
577,1000000.0,4,4,0,0,1,1
578,1000000.0,4,4,0,0,2,1
579,1000000.0,4,4,0,1,0,1
580,1000000.0,4,4,0,1,1,1
581,1000000.0,4,4,0,1,2,1
582,1000000.0,4,4,1,0,0,1
583,1000000.0,4,4,1,0,1,1
584,1000000.0,4,4,1,0,2,1
585,1000000.0,4,4,1,1,0,1
586,1000000.0,4,4,1,1,1,1
587,1000000.0,4,4,1,1,2,1
588,1000000.0,4,4,2,0,0,1
589,1000000.0,4,4,2,0,1,1
590,1000000.0,4,4,2,0,2,1
591,1000000.0,4,4,2,1,0,1
592,1000000.0,4,4,2,1,1,1
593,1000000.0,4,4,2,1,2,1
594,1000000.0,4,5,0,0,0,1
595,1000000.0,4,5,0,0,1,1
596,1000000.0,4,5,0,0,2,1
597,1000000.0,4,5,0,1,0,1
598,2157.094490006325,4,5,0,1,1,0
599,1000000.0,4,5,0,1,2,1
600,1000000.0,4,5,1,0,0,1
601,1000000.0,4,5,1,0,1,1
602,1000000.0,4,5,1,0,2,1
603,1000000.0,4,5,1,1,0,1
604,1000000.0,4,5,1,1,1,1
605,1000000.0,4,5,1,1,2,1
606,1000000.0,4,5,2,0,0,1
607,1000000.0,4,5,2,0,1,1
608,1000000.0,4,5,2,0,2,1
609,1000000.0,4,5,2,1,0,1
610,1000000.0,4,5,2,1,1,1
611,1000000.0,4,5,2,1,2,1
612,1000000.0,4,6,0,0,0,1
613,1000000.0,4,6,0,0,1,1
614,1000000.0,4,6,0,0,2,1
615,1000000.0,4,6,0,1,0,1
616,1000000.0,4,6,0,1,1,1
617,1000000.0,4,6,0,1,2,1
618,1000000.0,4,6,1,0,0,1
619,1000000.0,4,6,1,0,1,1
620,1000000.0,4,6,1,0,2,1
621,1000000.0,4,6,1,1,0,1
622,1000000.0,4,6,1,1,1,1
623,1000000.0,4,6,1,1,2,1
624,1000000.0,4,6,2,0,0,1
625,1000000.0,4,6,2,0,1,1
626,1000000.0,4,6,2,0,2,1
627,1000000.0,4,6,2,1,0,1
628,1000000.0,4,6,2,1,1,1
629,1000000.0,4,6,2,1,2,1
630,2487.1968356494135,5,0,0,0,0,0
631,2488.182040402705,5,0,0,0,1,0
632,1000000.0,5,0,0,0,2,1
633,2261.1072508137636,5,0,0,1,0,0
634,1000000.0,5,0,0,1,1,1
635,1000000.0,5,0,0,1,2,1
636,2486.6200664909757,5,0,1,0,0,0
637,2439.793089141851,5,0,1,0,1,0
638,1000000.0,5,0,1,0,2,1
639,2075.6438666987015,5,0,1,1,0,0
640,2075.3342670943553,5,0,1,1,1,0
641,1000000.0,5,0,1,1,2,1
642,2376.311872868468,5,0,2,0,0,0
643,2377.6390072678505,5,0,2,0,1,0
644,1000000.0,5,0,2,0,2,1
645,1000000.0,5,0,2,1,0,1
646,1000000.0,5,0,2,1,1,1
647,1000000.0,5,0,2,1,2,1
648,2489.0617270910925,5,1,0,0,0,0
649,2490.0463226774705,5,1,0,0,1,0
650,1000000.0,5,1,0,0,2,1
651,1000000.0,5,1,0,1,0,1
652,1000000.0,5,1,0,1,1,1
653,1000000.0,5,1,0,1,2,1
654,2488.5460139757506,5,1,1,0,0,0
655,2442.40480483986,5,1,1,0,1,0
656,1000000.0,5,1,1,0,2,1
657,1000000.0,5,1,1,1,0,1
658,1000000.0,5,1,1,1,1,1
659,1000000.0,5,1,1,1,2,1
660,2377.868728404652,5,1,2,0,0,0
661,1000000.0,5,1,2,0,1,1
662,1000000.0,5,1,2,0,2,1
663,1000000.0,5,1,2,1,0,1
664,1000000.0,5,1,2,1,1,1
665,1000000.0,5,1,2,1,2,1
666,2487.6020659862447,5,2,0,0,0,0
667,1000000.0,5,2,0,0,1,1
668,1000000.0,5,2,0,0,2,1
669,1000000.0,5,2,0,1,0,1
670,2143.9420620287724,5,2,0,1,1,0
671,1000000.0,5,2,0,1,2,1
672,1000000.0,5,2,1,0,0,1
673,1000000.0,5,2,1,0,1,1
674,1000000.0,5,2,1,0,2,1
675,1000000.0,5,2,1,1,0,1
676,1000000.0,5,2,1,1,1,1
677,1000000.0,5,2,1,1,2,1
678,1000000.0,5,2,2,0,0,1
679,1000000.0,5,2,2,0,1,1
680,1000000.0,5,2,2,0,2,1
681,1000000.0,5,2,2,1,0,1
682,1000000.0,5,2,2,1,1,1
683,1000000.0,5,2,2,1,2,1
684,1000000.0,5,3,0,0,0,1
685,1000000.0,5,3,0,0,1,1
686,1000000.0,5,3,0,0,2,1
687,1000000.0,5,3,0,1,0,1
688,1000000.0,5,3,0,1,1,1
689,1000000.0,5,3,0,1,2,1
690,1000000.0,5,3,1,0,0,1
691,1000000.0,5,3,1,0,1,1
692,1000000.0,5,3,1,0,2,1
693,1000000.0,5,3,1,1,0,1
694,1000000.0,5,3,1,1,1,1
695,1000000.0,5,3,1,1,2,1
696,1000000.0,5,3,2,0,0,1
697,1000000.0,5,3,2,0,1,1
698,1000000.0,5,3,2,0,2,1
699,1000000.0,5,3,2,1,0,1
700,1000000.0,5,3,2,1,1,1
701,1000000.0,5,3,2,1,2,1
702,1000000.0,5,4,0,0,0,1
703,1000000.0,5,4,0,0,1,1
704,1000000.0,5,4,0,0,2,1
705,1000000.0,5,4,0,1,0,1
706,1000000.0,5,4,0,1,1,1
707,1000000.0,5,4,0,1,2,1
708,1000000.0,5,4,1,0,0,1
709,1000000.0,5,4,1,0,1,1
710,1000000.0,5,4,1,0,2,1
711,1000000.0,5,4,1,1,0,1
712,1000000.0,5,4,1,1,1,1
713,1000000.0,5,4,1,1,2,1
714,1000000.0,5,4,2,0,0,1
715,1000000.0,5,4,2,0,1,1
716,1000000.0,5,4,2,0,2,1
717,1000000.0,5,4,2,1,0,1
718,1000000.0,5,4,2,1,1,1
719,1000000.0,5,4,2,1,2,1
720,1000000.0,5,5,0,0,0,1
721,1000000.0,5,5,0,0,1,1
722,1000000.0,5,5,0,0,2,1
723,1000000.0,5,5,0,1,0,1
724,1000000.0,5,5,0,1,1,1
725,1000000.0,5,5,0,1,2,1
726,1000000.0,5,5,1,0,0,1
727,1000000.0,5,5,1,0,1,1
728,1000000.0,5,5,1,0,2,1
729,1000000.0,5,5,1,1,0,1
730,1000000.0,5,5,1,1,1,1
731,1000000.0,5,5,1,1,2,1
732,1000000.0,5,5,2,0,0,1
733,1000000.0,5,5,2,0,1,1
734,1000000.0,5,5,2,0,2,1
735,1000000.0,5,5,2,1,0,1
736,1000000.0,5,5,2,1,1,1
737,1000000.0,5,5,2,1,2,1
738,1000000.0,5,6,0,0,0,1
739,1000000.0,5,6,0,0,1,1
740,1000000.0,5,6,0,0,2,1
741,1000000.0,5,6,0,1,0,1
742,1000000.0,5,6,0,1,1,1
743,1000000.0,5,6,0,1,2,1
744,1000000.0,5,6,1,0,0,1
745,1000000.0,5,6,1,0,1,1
746,1000000.0,5,6,1,0,2,1
747,1000000.0,5,6,1,1,0,1
748,1000000.0,5,6,1,1,1,1
749,1000000.0,5,6,1,1,2,1
750,1000000.0,5,6,2,0,0,1
751,1000000.0,5,6,2,0,1,1
752,1000000.0,5,6,2,0,2,1
753,1000000.0,5,6,2,1,0,1
754,1000000.0,5,6,2,1,1,1
755,1000000.0,5,6,2,1,2,1
756,2488.590991583357,6,0,0,0,0,0
757,2489.685713127319,6,0,0,0,1,0
758,1000000.0,6,0,0,0,2,1
759,2263.082380283655,6,0,0,1,0,0
760,1000000.0,6,0,0,1,1,1
761,1000000.0,6,0,0,1,2,1
762,2488.311021059215,6,0,1,0,0,0
763,2441.7121528765288,6,0,1,0,1,0
764,1000000.0,6,0,1,0,2,1
765,2076.6617418813876,6,0,1,1,0,0
766,2076.754025095031,6,0,1,1,1,0
767,1000000.0,6,0,1,1,2,1
768,2376.9762443213754,6,0,2,0,0,0
769,2378.5790217706526,6,0,2,0,1,0
770,1000000.0,6,0,2,0,2,1
771,2078.1444184443803,6,0,2,1,0,0
772,1000000.0,6,0,2,1,1,1
773,1000000.0,6,0,2,1,2,1
774,2488.944364172355,6,1,0,0,0,0
775,2490.299617132013,6,1,0,0,1,0
776,1000000.0,6,1,0,0,2,1
777,1000000.0,6,1,0,1,0,1
778,1000000.0,6,1,0,1,1,1
779,1000000.0,6,1,0,1,2,1
780,2489.2918817122736,6,1,1,0,0,0
781,1000000.0,6,1,1,0,1,1
782,1000000.0,6,1,1,0,2,1
783,1000000.0,6,1,1,1,0,1
784,1000000.0,6,1,1,1,1,1
785,1000000.0,6,1,1,1,2,1
786,2379.364700828449,6,1,2,0,0,0
787,1000000.0,6,1,2,0,1,1
788,1000000.0,6,1,2,0,2,1
789,1000000.0,6,1,2,1,0,1
790,1000000.0,6,1,2,1,1,1
791,1000000.0,6,1,2,1,2,1
792,2489.6159779271393,6,2,0,0,0,0
793,2491.0546267122545,6,2,0,0,1,0
794,1000000.0,6,2,0,0,2,1
795,2258.356414288714,6,2,0,1,0,0
796,1000000.0,6,2,0,1,1,1
797,1000000.0,6,2,0,1,2,1
798,2490.214455141311,6,2,1,0,0,0
799,1000000.0,6,2,1,0,1,1
800,1000000.0,6,2,1,0,2,1
801,1000000.0,6,2,1,1,0,1
802,22.0,6,2,1,1,1,0
803,1000000.0,6,2,1,1,2,1
804,1000000.0,6,2,2,0,0,1
805,1000000.0,6,2,2,0,1,1
806,1000000.0,6,2,2,0,2,1
807,1000000.0,6,2,2,1,0,1
808,1000000.0,6,2,2,1,1,1
809,1000000.0,6,2,2,1,2,1
810,1000000.0,6,3,0,0,0,1
811,1000000.0,6,3,0,0,1,1
812,1000000.0,6,3,0,0,2,1
813,1000000.0,6,3,0,1,0,1
814,1000000.0,6,3,0,1,1,1
815,1000000.0,6,3,0,1,2,1
816,1000000.0,6,3,1,0,0,1
817,1000000.0,6,3,1,0,1,1
818,1000000.0,6,3,1,0,2,1
819,1000000.0,6,3,1,1,0,1
820,1000000.0,6,3,1,1,1,1
821,1000000.0,6,3,1,1,2,1
822,1000000.0,6,3,2,0,0,1
823,1000000.0,6,3,2,0,1,1
824,1000000.0,6,3,2,0,2,1
825,1000000.0,6,3,2,1,0,1
826,1000000.0,6,3,2,1,1,1
827,1000000.0,6,3,2,1,2,1
828,1000000.0,6,4,0,0,0,1
829,1000000.0,6,4,0,0,1,1
830,1000000.0,6,4,0,0,2,1
831,1000000.0,6,4,0,1,0,1
832,1000000.0,6,4,0,1,1,1
833,1000000.0,6,4,0,1,2,1
834,1000000.0,6,4,1,0,0,1
835,1000000.0,6,4,1,0,1,1
836,1000000.0,6,4,1,0,2,1
837,1000000.0,6,4,1,1,0,1
838,1000000.0,6,4,1,1,1,1
839,1000000.0,6,4,1,1,2,1
840,1000000.0,6,4,2,0,0,1
841,1000000.0,6,4,2,0,1,1
842,1000000.0,6,4,2,0,2,1
843,1000000.0,6,4,2,1,0,1
844,1000000.0,6,4,2,1,1,1
845,1000000.0,6,4,2,1,2,1
846,1000000.0,6,5,0,0,0,1
847,1000000.0,6,5,0,0,1,1
848,1000000.0,6,5,0,0,2,1
849,1000000.0,6,5,0,1,0,1
850,1000000.0,6,5,0,1,1,1
851,1000000.0,6,5,0,1,2,1
852,1000000.0,6,5,1,0,0,1
853,1000000.0,6,5,1,0,1,1
854,1000000.0,6,5,1,0,2,1
855,1000000.0,6,5,1,1,0,1
856,1000000.0,6,5,1,1,1,1
857,1000000.0,6,5,1,1,2,1
858,1000000.0,6,5,2,0,0,1
859,1000000.0,6,5,2,0,1,1
860,1000000.0,6,5,2,0,2,1
861,1000000.0,6,5,2,1,0,1
862,1000000.0,6,5,2,1,1,1
863,1000000.0,6,5,2,1,2,1
864,1000000.0,6,6,0,0,0,1
865,1000000.0,6,6,0,0,1,1
866,1000000.0,6,6,0,0,2,1
867,1000000.0,6,6,0,1,0,1
868,1000000.0,6,6,0,1,1,1
869,1000000.0,6,6,0,1,2,1
870,1000000.0,6,6,1,0,0,1
871,2441.216748359365,6,6,1,0,1,0
872,1000000.0,6,6,1,0,2,1
873,1000000.0,6,6,1,1,0,1
874,1000000.0,6,6,1,1,1,1
875,1000000.0,6,6,1,1,2,1
876,1000000.0,6,6,2,0,0,1
877,1000000.0,6,6,2,0,1,1
878,1000000.0,6,6,2,0,2,1
879,1000000.0,6,6,2,1,0,1
880,1000000.0,6,6,2,1,1,1
881,1000000.0,6,6,2,1,2,1
