,Date,Hour,Count
2014-05-01 00:00:00,2014-05-01,0,348
2014-05-01 01:00:00,2014-05-01,1,179
2014-05-01 02:00:00,2014-05-01,2,101
2014-05-01 03:00:00,2014-05-01,3,172
2014-05-01 04:00:00,2014-05-01,4,241
2014-05-01 05:00:00,2014-05-01,5,438
2014-05-01 06:00:00,2014-05-01,6,822
2014-05-01 07:00:00,2014-05-01,7,1274
2014-05-01 08:00:00,2014-05-01,8,1237
2014-05-01 09:00:00,2014-05-01,9,853
2014-05-01 10:00:00,2014-05-01,10,771
2014-05-01 11:00:00,2014-05-01,11,662
2014-05-01 12:00:00,2014-05-01,12,716
2014-05-01 13:00:00,2014-05-01,13,820
2014-05-01 14:00:00,2014-05-01,14,1060
2014-05-01 15:00:00,2014-05-01,15,1348
2014-05-01 16:00:00,2014-05-01,16,1584
2014-05-01 17:00:00,2014-05-01,17,1845
2014-05-01 18:00:00,2014-05-01,18,1710
2014-05-01 19:00:00,2014-05-01,19,1584
2014-05-01 20:00:00,2014-05-01,20,1546
2014-05-01 21:00:00,2014-05-01,21,1880
2014-05-01 22:00:00,2014-05-01,22,1403
2014-05-01 23:00:00,2014-05-01,23,781
2014-05-02 00:00:00,2014-05-02,0,357
2014-05-02 01:00:00,2014-05-02,1,199
2014-05-02 02:00:00,2014-05-02,2,139
2014-05-02 03:00:00,2014-05-02,3,183
2014-05-02 04:00:00,2014-05-02,4,215
2014-05-02 05:00:00,2014-05-02,5,359
2014-05-02 06:00:00,2014-05-02,6,806
2014-05-02 07:00:00,2014-05-02,7,990
2014-05-02 08:00:00,2014-05-02,8,912
2014-05-02 09:00:00,2014-05-02,9,657
2014-05-02 10:00:00,2014-05-02,10,727
2014-05-02 11:00:00,2014-05-02,11,756
2014-05-02 12:00:00,2014-05-02,12,790
2014-05-02 13:00:00,2014-05-02,13,918
2014-05-02 14:00:00,2014-05-02,14,1169
2014-05-02 15:00:00,2014-05-02,15,1469
2014-05-02 16:00:00,2014-05-02,16,1711
2014-05-02 17:00:00,2014-05-02,17,1877
2014-05-02 18:00:00,2014-05-02,18,2141
2014-05-02 19:00:00,2014-05-02,19,1633
2014-05-02 20:00:00,2014-05-02,20,1451
2014-05-02 21:00:00,2014-05-02,21,1617
2014-05-02 22:00:00,2014-05-02,22,1676
2014-05-02 23:00:00,2014-05-02,23,1483
2014-05-03 00:00:00,2014-05-03,0,848
2014-05-03 01:00:00,2014-05-03,1,529
2014-05-03 02:00:00,2014-05-03,2,329
2014-05-03 03:00:00,2014-05-03,3,238
2014-05-03 04:00:00,2014-05-03,4,213
2014-05-03 05:00:00,2014-05-03,5,198
2014-05-03 06:00:00,2014-05-03,6,232
2014-05-03 07:00:00,2014-05-03,7,307
2014-05-03 08:00:00,2014-05-03,8,407
2014-05-03 09:00:00,2014-05-03,9,506
2014-05-03 10:00:00,2014-05-03,10,580
2014-05-03 11:00:00,2014-05-03,11,672
2014-05-03 12:00:00,2014-05-03,12,708
2014-05-03 13:00:00,2014-05-03,13,826
2014-05-03 14:00:00,2014-05-03,14,968
2014-05-03 15:00:00,2014-05-03,15,1456
2014-05-03 16:00:00,2014-05-03,16,1715
2014-05-03 17:00:00,2014-05-03,17,1483
2014-05-03 18:00:00,2014-05-03,18,2249
2014-05-03 19:00:00,2014-05-03,19,1581
2014-05-03 20:00:00,2014-05-03,20,1410
2014-05-03 21:00:00,2014-05-03,21,1751
2014-05-03 22:00:00,2014-05-03,22,1637
2014-05-03 23:00:00,2014-05-03,23,1391
2014-05-04 00:00:00,2014-05-04,0,1152
2014-05-04 01:00:00,2014-05-04,1,641
2014-05-04 02:00:00,2014-05-04,2,418
2014-05-04 03:00:00,2014-05-04,3,315
2014-05-04 04:00:00,2014-05-04,4,245
2014-05-04 05:00:00,2014-05-04,5,178
2014-05-04 06:00:00,2014-05-04,6,163
2014-05-04 07:00:00,2014-05-04,7,209
2014-05-04 08:00:00,2014-05-04,8,239
2014-05-04 09:00:00,2014-05-04,9,330
2014-05-04 10:00:00,2014-05-04,10,412
2014-05-04 11:00:00,2014-05-04,11,537
2014-05-04 12:00:00,2014-05-04,12,621
2014-05-04 13:00:00,2014-05-04,13,730
2014-05-04 14:00:00,2014-05-04,14,851
2014-05-04 15:00:00,2014-05-04,15,1029
2014-05-04 16:00:00,2014-05-04,16,1064
2014-05-04 17:00:00,2014-05-04,17,961
2014-05-04 18:00:00,2014-05-04,18,870
2014-05-04 19:00:00,2014-05-04,19,702
2014-05-04 20:00:00,2014-05-04,20,707
2014-05-04 21:00:00,2014-05-04,21,705
2014-05-04 22:00:00,2014-05-04,22,543
2014-05-04 23:00:00,2014-05-04,23,296
2014-05-05 00:00:00,2014-05-05,0,139
2014-05-05 01:00:00,2014-05-05,1,72
2014-05-05 02:00:00,2014-05-05,2,52
2014-05-05 03:00:00,2014-05-05,3,175
2014-05-05 04:00:00,2014-05-05,4,264
2014-05-05 05:00:00,2014-05-05,5,477
2014-05-05 06:00:00,2014-05-05,6,832
2014-05-05 07:00:00,2014-05-05,7,1014
2014-05-05 08:00:00,2014-05-05,8,959
2014-05-05 09:00:00,2014-05-05,9,633
2014-05-05 10:00:00,2014-05-05,10,599
2014-05-05 11:00:00,2014-05-05,11,590
2014-05-05 12:00:00,2014-05-05,12,623
2014-05-05 13:00:00,2014-05-05,13,722
2014-05-05 14:00:00,2014-05-05,14,981
2014-05-05 15:00:00,2014-05-05,15,1210
2014-05-05 16:00:00,2014-05-05,16,1430
2014-05-05 17:00:00,2014-05-05,17,1597
2014-05-05 18:00:00,2014-05-05,18,1222
2014-05-05 19:00:00,2014-05-05,19,1067
2014-05-05 20:00:00,2014-05-05,20,1076
2014-05-05 21:00:00,2014-05-05,21,1018
2014-05-05 22:00:00,2014-05-05,22,706
2014-05-05 23:00:00,2014-05-05,23,401
2014-05-06 00:00:00,2014-05-06,0,203
2014-05-06 01:00:00,2014-05-06,1,130
2014-05-06 02:00:00,2014-05-06,2,97
2014-05-06 03:00:00,2014-05-06,3,112
2014-05-06 04:00:00,2014-05-06,4,205
2014-05-06 05:00:00,2014-05-06,5,406
2014-05-06 06:00:00,2014-05-06,6,839
2014-05-06 07:00:00,2014-05-06,7,1065
2014-05-06 08:00:00,2014-05-06,8,958
2014-05-06 09:00:00,2014-05-06,9,640
2014-05-06 10:00:00,2014-05-06,10,645
2014-05-06 11:00:00,2014-05-06,11,603
2014-05-06 12:00:00,2014-05-06,12,702
2014-05-06 13:00:00,2014-05-06,13,757
2014-05-06 14:00:00,2014-05-06,14,1016
2014-05-06 15:00:00,2014-05-06,15,1347
2014-05-06 16:00:00,2014-05-06,16,1605
2014-05-06 17:00:00,2014-05-06,17,1746
2014-05-06 18:00:00,2014-05-06,18,1307
2014-05-06 19:00:00,2014-05-06,19,1188
2014-05-06 20:00:00,2014-05-06,20,1291
2014-05-06 21:00:00,2014-05-06,21,1224
2014-05-06 22:00:00,2014-05-06,22,756
2014-05-06 23:00:00,2014-05-06,23,458
2014-05-07 00:00:00,2014-05-07,0,201
2014-05-07 01:00:00,2014-05-07,1,109
2014-05-07 02:00:00,2014-05-07,2,71
2014-05-07 03:00:00,2014-05-07,3,137
2014-05-07 04:00:00,2014-05-07,4,205
2014-05-07 05:00:00,2014-05-07,5,341
2014-05-07 06:00:00,2014-05-07,6,888
2014-05-07 07:00:00,2014-05-07,7,1151
2014-05-07 08:00:00,2014-05-07,8,971
2014-05-07 09:00:00,2014-05-07,9,695
2014-05-07 10:00:00,2014-05-07,10,733
2014-05-07 11:00:00,2014-05-07,11,689
2014-05-07 12:00:00,2014-05-07,12,726
2014-05-07 13:00:00,2014-05-07,13,971
2014-05-07 14:00:00,2014-05-07,14,1186
2014-05-07 15:00:00,2014-05-07,15,1494
2014-05-07 16:00:00,2014-05-07,16,1843
2014-05-07 17:00:00,2014-05-07,17,1878
2014-05-07 18:00:00,2014-05-07,18,1683
2014-05-07 19:00:00,2014-05-07,19,1413
2014-05-07 20:00:00,2014-05-07,20,1482
2014-05-07 21:00:00,2014-05-07,21,1474
2014-05-07 22:00:00,2014-05-07,22,1010
2014-05-07 23:00:00,2014-05-07,23,540
2014-05-08 00:00:00,2014-05-08,0,275
2014-05-08 01:00:00,2014-05-08,1,174
2014-05-08 02:00:00,2014-05-08,2,128
2014-05-08 03:00:00,2014-05-08,3,162
2014-05-08 04:00:00,2014-05-08,4,286
2014-05-08 05:00:00,2014-05-08,5,597
2014-05-08 06:00:00,2014-05-08,6,1285
2014-05-08 07:00:00,2014-05-08,7,1627
2014-05-08 08:00:00,2014-05-08,8,1672
2014-05-08 09:00:00,2014-05-08,9,1291
2014-05-08 10:00:00,2014-05-08,10,1018
2014-05-08 11:00:00,2014-05-08,11,951
2014-05-08 12:00:00,2014-05-08,12,902
2014-05-08 13:00:00,2014-05-08,13,1172
2014-05-08 14:00:00,2014-05-08,14,1316
2014-05-08 15:00:00,2014-05-08,15,1675
2014-05-08 16:00:00,2014-05-08,16,1894
2014-05-08 17:00:00,2014-05-08,17,2138
2014-05-08 18:00:00,2014-05-08,18,1862
2014-05-08 19:00:00,2014-05-08,19,1707
2014-05-08 20:00:00,2014-05-08,20,1650
2014-05-08 21:00:00,2014-05-08,21,1701
2014-05-08 22:00:00,2014-05-08,22,1328
2014-05-08 23:00:00,2014-05-08,23,702
2014-05-09 00:00:00,2014-05-09,0,396
2014-05-09 01:00:00,2014-05-09,1,273
2014-05-09 02:00:00,2014-05-09,2,176
2014-05-09 03:00:00,2014-05-09,3,196
2014-05-09 04:00:00,2014-05-09,4,257
2014-05-09 05:00:00,2014-05-09,5,405
2014-05-09 06:00:00,2014-05-09,6,912
2014-05-09 07:00:00,2014-05-09,7,1234
2014-05-09 08:00:00,2014-05-09,8,1142
2014-05-09 09:00:00,2014-05-09,9,836
2014-05-09 10:00:00,2014-05-09,10,807
2014-05-09 11:00:00,2014-05-09,11,877
2014-05-09 12:00:00,2014-05-09,12,869
2014-05-09 13:00:00,2014-05-09,13,1019
2014-05-09 14:00:00,2014-05-09,14,1409
2014-05-09 15:00:00,2014-05-09,15,1661
2014-05-09 16:00:00,2014-05-09,16,2007
2014-05-09 17:00:00,2014-05-09,17,2384
2014-05-09 18:00:00,2014-05-09,18,2424
2014-05-09 19:00:00,2014-05-09,19,1683
2014-05-09 20:00:00,2014-05-09,20,1298
2014-05-09 21:00:00,2014-05-09,21,1347
2014-05-09 22:00:00,2014-05-09,22,1532
2014-05-09 23:00:00,2014-05-09,23,1241
2014-05-10 00:00:00,2014-05-10,0,788
2014-05-10 01:00:00,2014-05-10,1,472
2014-05-10 02:00:00,2014-05-10,2,319
2014-05-10 03:00:00,2014-05-10,3,242
2014-05-10 04:00:00,2014-05-10,4,148
2014-05-10 05:00:00,2014-05-10,5,204
2014-05-10 06:00:00,2014-05-10,6,230
2014-05-10 07:00:00,2014-05-10,7,297
2014-05-10 08:00:00,2014-05-10,8,433
2014-05-10 09:00:00,2014-05-10,9,543
2014-05-10 10:00:00,2014-05-10,10,596
2014-05-10 11:00:00,2014-05-10,11,683
2014-05-10 12:00:00,2014-05-10,12,780
2014-05-10 13:00:00,2014-05-10,13,1009
2014-05-10 14:00:00,2014-05-10,14,1074
2014-05-10 15:00:00,2014-05-10,15,1615
2014-05-10 16:00:00,2014-05-10,16,1939
2014-05-10 17:00:00,2014-05-10,17,1890
2014-05-10 18:00:00,2014-05-10,18,1838
2014-05-10 19:00:00,2014-05-10,19,1365
2014-05-10 20:00:00,2014-05-10,20,1137
2014-05-10 21:00:00,2014-05-10,21,1322
2014-05-10 22:00:00,2014-05-10,22,1738
2014-05-10 23:00:00,2014-05-10,23,1888
2014-05-11 00:00:00,2014-05-11,0,1212
2014-05-11 01:00:00,2014-05-11,1,593
2014-05-11 02:00:00,2014-05-11,2,347
2014-05-11 03:00:00,2014-05-11,3,241
2014-05-11 04:00:00,2014-05-11,4,155
2014-05-11 05:00:00,2014-05-11,5,152
2014-05-11 06:00:00,2014-05-11,6,187
2014-05-11 07:00:00,2014-05-11,7,258
2014-05-11 08:00:00,2014-05-11,8,378
2014-05-11 09:00:00,2014-05-11,9,547
2014-05-11 10:00:00,2014-05-11,10,598
2014-05-11 11:00:00,2014-05-11,11,720
2014-05-11 12:00:00,2014-05-11,12,758
2014-05-11 13:00:00,2014-05-11,13,801
2014-05-11 14:00:00,2014-05-11,14,850
2014-05-11 15:00:00,2014-05-11,15,1019
2014-05-11 16:00:00,2014-05-11,16,1133
2014-05-11 17:00:00,2014-05-11,17,1074
2014-05-11 18:00:00,2014-05-11,18,876
2014-05-11 19:00:00,2014-05-11,19,800
2014-05-11 20:00:00,2014-05-11,20,750
2014-05-11 21:00:00,2014-05-11,21,715
2014-05-11 22:00:00,2014-05-11,22,463
2014-05-11 23:00:00,2014-05-11,23,274
2014-05-12 00:00:00,2014-05-12,0,114
2014-05-12 01:00:00,2014-05-12,1,83
2014-05-12 02:00:00,2014-05-12,2,59
2014-05-12 03:00:00,2014-05-12,3,143
2014-05-12 04:00:00,2014-05-12,4,265
2014-05-12 05:00:00,2014-05-12,5,440
2014-05-12 06:00:00,2014-05-12,6,802
2014-05-12 07:00:00,2014-05-12,7,1007
2014-05-12 08:00:00,2014-05-12,8,854
2014-05-12 09:00:00,2014-05-12,9,677
2014-05-12 10:00:00,2014-05-12,10,593
2014-05-12 11:00:00,2014-05-12,11,603
2014-05-12 12:00:00,2014-05-12,12,680
2014-05-12 13:00:00,2014-05-12,13,778
2014-05-12 14:00:00,2014-05-12,14,1030
2014-05-12 15:00:00,2014-05-12,15,1283
2014-05-12 16:00:00,2014-05-12,16,1499
2014-05-12 17:00:00,2014-05-12,17,1580
2014-05-12 18:00:00,2014-05-12,18,1133
2014-05-12 19:00:00,2014-05-12,19,862
2014-05-12 20:00:00,2014-05-12,20,926
2014-05-12 21:00:00,2014-05-12,21,1029
2014-05-12 22:00:00,2014-05-12,22,648
2014-05-12 23:00:00,2014-05-12,23,382
2014-05-13 00:00:00,2014-05-13,0,191
2014-05-13 01:00:00,2014-05-13,1,128
2014-05-13 02:00:00,2014-05-13,2,73
2014-05-13 03:00:00,2014-05-13,3,122
2014-05-13 04:00:00,2014-05-13,4,171
2014-05-13 05:00:00,2014-05-13,5,376
2014-05-13 06:00:00,2014-05-13,6,874
2014-05-13 07:00:00,2014-05-13,7,1136
2014-05-13 08:00:00,2014-05-13,8,844
2014-05-13 09:00:00,2014-05-13,9,682
2014-05-13 10:00:00,2014-05-13,10,654
2014-05-13 11:00:00,2014-05-13,11,626
2014-05-13 12:00:00,2014-05-13,12,653
2014-05-13 13:00:00,2014-05-13,13,848
2014-05-13 14:00:00,2014-05-13,14,1011
2014-05-13 15:00:00,2014-05-13,15,1336
2014-05-13 16:00:00,2014-05-13,16,1534
2014-05-13 17:00:00,2014-05-13,17,1683
2014-05-13 18:00:00,2014-05-13,18,1332
2014-05-13 19:00:00,2014-05-13,19,1265
2014-05-13 20:00:00,2014-05-13,20,1349
2014-05-13 21:00:00,2014-05-13,21,1237
2014-05-13 22:00:00,2014-05-13,22,888
2014-05-13 23:00:00,2014-05-13,23,485
2014-05-14 00:00:00,2014-05-14,0,236
2014-05-14 01:00:00,2014-05-14,1,130
2014-05-14 02:00:00,2014-05-14,2,83
2014-05-14 03:00:00,2014-05-14,3,134
2014-05-14 04:00:00,2014-05-14,4,208
2014-05-14 05:00:00,2014-05-14,5,404
2014-05-14 06:00:00,2014-05-14,6,920
2014-05-14 07:00:00,2014-05-14,7,1272
2014-05-14 08:00:00,2014-05-14,8,1044
2014-05-14 09:00:00,2014-05-14,9,725
2014-05-14 10:00:00,2014-05-14,10,717
2014-05-14 11:00:00,2014-05-14,11,719
2014-05-14 12:00:00,2014-05-14,12,771
2014-05-14 13:00:00,2014-05-14,13,912
2014-05-14 14:00:00,2014-05-14,14,1245
2014-05-14 15:00:00,2014-05-14,15,1460
2014-05-14 16:00:00,2014-05-14,16,1556
2014-05-14 17:00:00,2014-05-14,17,1763
2014-05-14 18:00:00,2014-05-14,18,1895
2014-05-14 19:00:00,2014-05-14,19,1598
2014-05-14 20:00:00,2014-05-14,20,1606
2014-05-14 21:00:00,2014-05-14,21,1422
2014-05-14 22:00:00,2014-05-14,22,881
2014-05-14 23:00:00,2014-05-14,23,517
2014-05-15 00:00:00,2014-05-15,0,305
2014-05-15 01:00:00,2014-05-15,1,183
2014-05-15 02:00:00,2014-05-15,2,113
2014-05-15 03:00:00,2014-05-15,3,151
2014-05-15 04:00:00,2014-05-15,4,268
2014-05-15 05:00:00,2014-05-15,5,482
2014-05-15 06:00:00,2014-05-15,6,1038
2014-05-15 07:00:00,2014-05-15,7,1262
2014-05-15 08:00:00,2014-05-15,8,1123
2014-05-15 09:00:00,2014-05-15,9,800
2014-05-15 10:00:00,2014-05-15,10,989
2014-05-15 11:00:00,2014-05-15,11,992
2014-05-15 12:00:00,2014-05-15,12,977
2014-05-15 13:00:00,2014-05-15,13,1120
2014-05-15 14:00:00,2014-05-15,14,1386
2014-05-15 15:00:00,2014-05-15,15,1602
2014-05-15 16:00:00,2014-05-15,16,1868
2014-05-15 17:00:00,2014-05-15,17,2201
2014-05-15 18:00:00,2014-05-15,18,2014
2014-05-15 19:00:00,2014-05-15,19,1738
2014-05-15 20:00:00,2014-05-15,20,1788
2014-05-15 21:00:00,2014-05-15,21,1774
2014-05-15 22:00:00,2014-05-15,22,1364
2014-05-15 23:00:00,2014-05-15,23,763
2014-05-16 00:00:00,2014-05-16,0,416
2014-05-16 01:00:00,2014-05-16,1,235
2014-05-16 02:00:00,2014-05-16,2,158
2014-05-16 03:00:00,2014-05-16,3,207
2014-05-16 04:00:00,2014-05-16,4,271
2014-05-16 05:00:00,2014-05-16,5,435
2014-05-16 06:00:00,2014-05-16,6,961
2014-05-16 07:00:00,2014-05-16,7,1214
2014-05-16 08:00:00,2014-05-16,8,1086
2014-05-16 09:00:00,2014-05-16,9,852
2014-05-16 10:00:00,2014-05-16,10,870
2014-05-16 11:00:00,2014-05-16,11,983
2014-05-16 12:00:00,2014-05-16,12,1172
2014-05-16 13:00:00,2014-05-16,13,1313
2014-05-16 14:00:00,2014-05-16,14,1635
2014-05-16 15:00:00,2014-05-16,15,1925
2014-05-16 16:00:00,2014-05-16,16,2042
2014-05-16 17:00:00,2014-05-16,17,2445
2014-05-16 18:00:00,2014-05-16,18,2454
2014-05-16 19:00:00,2014-05-16,19,3076
2014-05-16 20:00:00,2014-05-16,20,2335
2014-05-16 21:00:00,2014-05-16,21,2907
2014-05-16 22:00:00,2014-05-16,22,2175
2014-05-16 23:00:00,2014-05-16,23,1326
2014-05-17 00:00:00,2014-05-17,0,774
2014-05-17 01:00:00,2014-05-17,1,423
2014-05-17 02:00:00,2014-05-17,2,296
2014-05-17 03:00:00,2014-05-17,3,239
2014-05-17 04:00:00,2014-05-17,4,277
2014-05-17 05:00:00,2014-05-17,5,241
2014-05-17 06:00:00,2014-05-17,6,269
2014-05-17 07:00:00,2014-05-17,7,347
2014-05-17 08:00:00,2014-05-17,8,434
2014-05-17 09:00:00,2014-05-17,9,545
2014-05-17 10:00:00,2014-05-17,10,589
2014-05-17 11:00:00,2014-05-17,11,652
2014-05-17 12:00:00,2014-05-17,12,748
2014-05-17 13:00:00,2014-05-17,13,859
2014-05-17 14:00:00,2014-05-17,14,1015
2014-05-17 15:00:00,2014-05-17,15,1329
2014-05-17 16:00:00,2014-05-17,16,1593
2014-05-17 17:00:00,2014-05-17,17,1643
2014-05-17 18:00:00,2014-05-17,18,1710
2014-05-17 19:00:00,2014-05-17,19,1506
2014-05-17 20:00:00,2014-05-17,20,1438
2014-05-17 21:00:00,2014-05-17,21,1701
2014-05-17 22:00:00,2014-05-17,22,1833
2014-05-17 23:00:00,2014-05-17,23,1833
2014-05-18 00:00:00,2014-05-18,0,1420
2014-05-18 01:00:00,2014-05-18,1,992
2014-05-18 02:00:00,2014-05-18,2,564
2014-05-18 03:00:00,2014-05-18,3,389
2014-05-18 04:00:00,2014-05-18,4,212
2014-05-18 05:00:00,2014-05-18,5,176
2014-05-18 06:00:00,2014-05-18,6,197
2014-05-18 07:00:00,2014-05-18,7,266
2014-05-18 08:00:00,2014-05-18,8,400
2014-05-18 09:00:00,2014-05-18,9,546
2014-05-18 10:00:00,2014-05-18,10,670
2014-05-18 11:00:00,2014-05-18,11,774
2014-05-18 12:00:00,2014-05-18,12,801
2014-05-18 13:00:00,2014-05-18,13,872
2014-05-18 14:00:00,2014-05-18,14,984
2014-05-18 15:00:00,2014-05-18,15,1024
2014-05-18 16:00:00,2014-05-18,16,1173
2014-05-18 17:00:00,2014-05-18,17,1043
2014-05-18 18:00:00,2014-05-18,18,855
2014-05-18 19:00:00,2014-05-18,19,782
2014-05-18 20:00:00,2014-05-18,20,775
2014-05-18 21:00:00,2014-05-18,21,754
2014-05-18 22:00:00,2014-05-18,22,517
2014-05-18 23:00:00,2014-05-18,23,322
2014-05-19 00:00:00,2014-05-19,0,145
2014-05-19 01:00:00,2014-05-19,1,83
2014-05-19 02:00:00,2014-05-19,2,67
2014-05-19 03:00:00,2014-05-19,3,156
2014-05-19 04:00:00,2014-05-19,4,316
2014-05-19 05:00:00,2014-05-19,5,466
2014-05-19 06:00:00,2014-05-19,6,906
2014-05-19 07:00:00,2014-05-19,7,1077
2014-05-19 08:00:00,2014-05-19,8,979
2014-05-19 09:00:00,2014-05-19,9,675
2014-05-19 10:00:00,2014-05-19,10,599
2014-05-19 11:00:00,2014-05-19,11,658
2014-05-19 12:00:00,2014-05-19,12,674
2014-05-19 13:00:00,2014-05-19,13,835
2014-05-19 14:00:00,2014-05-19,14,1122
2014-05-19 15:00:00,2014-05-19,15,1280
2014-05-19 16:00:00,2014-05-19,16,1435
2014-05-19 17:00:00,2014-05-19,17,1558
2014-05-19 18:00:00,2014-05-19,18,1224
2014-05-19 19:00:00,2014-05-19,19,1023
2014-05-19 20:00:00,2014-05-19,20,1079
2014-05-19 21:00:00,2014-05-19,21,1005
2014-05-19 22:00:00,2014-05-19,22,605
2014-05-19 23:00:00,2014-05-19,23,348
2014-05-20 00:00:00,2014-05-20,0,180
2014-05-20 01:00:00,2014-05-20,1,96
2014-05-20 02:00:00,2014-05-20,2,75
2014-05-20 03:00:00,2014-05-20,3,150
2014-05-20 04:00:00,2014-05-20,4,221
2014-05-20 05:00:00,2014-05-20,5,390
2014-05-20 06:00:00,2014-05-20,6,844
2014-05-20 07:00:00,2014-05-20,7,1122
2014-05-20 08:00:00,2014-05-20,8,959
2014-05-20 09:00:00,2014-05-20,9,728
2014-05-20 10:00:00,2014-05-20,10,706
2014-05-20 11:00:00,2014-05-20,11,746
2014-05-20 12:00:00,2014-05-20,12,781
2014-05-20 13:00:00,2014-05-20,13,959
2014-05-20 14:00:00,2014-05-20,14,1194
2014-05-20 15:00:00,2014-05-20,15,1407
2014-05-20 16:00:00,2014-05-20,16,1596
2014-05-20 17:00:00,2014-05-20,17,1805
2014-05-20 18:00:00,2014-05-20,18,1508
2014-05-20 19:00:00,2014-05-20,19,1334
2014-05-20 20:00:00,2014-05-20,20,1421
2014-05-20 21:00:00,2014-05-20,21,1286
2014-05-20 22:00:00,2014-05-20,22,894
2014-05-20 23:00:00,2014-05-20,23,458
2014-05-21 00:00:00,2014-05-21,0,214
2014-05-21 01:00:00,2014-05-21,1,134
2014-05-21 02:00:00,2014-05-21,2,102
2014-05-21 03:00:00,2014-05-21,3,175
2014-05-21 04:00:00,2014-05-21,4,237
2014-05-21 05:00:00,2014-05-21,5,392
2014-05-21 06:00:00,2014-05-21,6,937
2014-05-21 07:00:00,2014-05-21,7,1198
2014-05-21 08:00:00,2014-05-21,8,1050
2014-05-21 09:00:00,2014-05-21,9,736
2014-05-21 10:00:00,2014-05-21,10,763
2014-05-21 11:00:00,2014-05-21,11,823
2014-05-21 12:00:00,2014-05-21,12,956
2014-05-21 13:00:00,2014-05-21,13,1024
2014-05-21 14:00:00,2014-05-21,14,1415
2014-05-21 15:00:00,2014-05-21,15,1660
2014-05-21 16:00:00,2014-05-21,16,1919
2014-05-21 17:00:00,2014-05-21,17,2140
2014-05-21 18:00:00,2014-05-21,18,1789
2014-05-21 19:00:00,2014-05-21,19,1447
2014-05-21 20:00:00,2014-05-21,20,1440
2014-05-21 21:00:00,2014-05-21,21,1475
2014-05-21 22:00:00,2014-05-21,22,993
2014-05-21 23:00:00,2014-05-21,23,489
2014-05-22 00:00:00,2014-05-22,0,255
2014-05-22 01:00:00,2014-05-22,1,165
2014-05-22 02:00:00,2014-05-22,2,158
2014-05-22 03:00:00,2014-05-22,3,239
2014-05-22 04:00:00,2014-05-22,4,284
2014-05-22 05:00:00,2014-05-22,5,510
2014-05-22 06:00:00,2014-05-22,6,1023
2014-05-22 07:00:00,2014-05-22,7,1362
2014-05-22 08:00:00,2014-05-22,8,1303
2014-05-22 09:00:00,2014-05-22,9,858
2014-05-22 10:00:00,2014-05-22,10,924
2014-05-22 11:00:00,2014-05-22,11,929
2014-05-22 12:00:00,2014-05-22,12,1040
2014-05-22 13:00:00,2014-05-22,13,1184
2014-05-22 14:00:00,2014-05-22,14,1359
2014-05-22 15:00:00,2014-05-22,15,1572
2014-05-22 16:00:00,2014-05-22,16,1832
2014-05-22 17:00:00,2014-05-22,17,2342
2014-05-22 18:00:00,2014-05-22,18,2101
2014-05-22 19:00:00,2014-05-22,19,1645
2014-05-22 20:00:00,2014-05-22,20,1700
2014-05-22 21:00:00,2014-05-22,21,1715
2014-05-22 22:00:00,2014-05-22,22,1419
2014-05-22 23:00:00,2014-05-22,23,883
2014-05-23 00:00:00,2014-05-23,0,442
2014-05-23 01:00:00,2014-05-23,1,248
2014-05-23 02:00:00,2014-05-23,2,161
2014-05-23 03:00:00,2014-05-23,3,244
2014-05-23 04:00:00,2014-05-23,4,303
2014-05-23 05:00:00,2014-05-23,5,428
2014-05-23 06:00:00,2014-05-23,6,794
2014-05-23 07:00:00,2014-05-23,7,1056
2014-05-23 08:00:00,2014-05-23,8,935
2014-05-23 09:00:00,2014-05-23,9,744
2014-05-23 10:00:00,2014-05-23,10,677
2014-05-23 11:00:00,2014-05-23,11,811
2014-05-23 12:00:00,2014-05-23,12,849
2014-05-23 13:00:00,2014-05-23,13,954
2014-05-23 14:00:00,2014-05-23,14,1268
2014-05-23 15:00:00,2014-05-23,15,1682
2014-05-23 16:00:00,2014-05-23,16,1442
2014-05-23 17:00:00,2014-05-23,17,1090
2014-05-23 18:00:00,2014-05-23,18,1817
2014-05-23 19:00:00,2014-05-23,19,2560
2014-05-23 20:00:00,2014-05-23,20,2447
2014-05-23 21:00:00,2014-05-23,21,2026
2014-05-23 22:00:00,2014-05-23,22,2006
2014-05-23 23:00:00,2014-05-23,23,1481
2014-05-24 00:00:00,2014-05-24,0,700
2014-05-24 01:00:00,2014-05-24,1,363
2014-05-24 02:00:00,2014-05-24,2,249
2014-05-24 03:00:00,2014-05-24,3,225
2014-05-24 04:00:00,2014-05-24,4,175
2014-05-24 05:00:00,2014-05-24,5,211
2014-05-24 06:00:00,2014-05-24,6,217
2014-05-24 07:00:00,2014-05-24,7,272
2014-05-24 08:00:00,2014-05-24,8,373
2014-05-24 09:00:00,2014-05-24,9,426
2014-05-24 10:00:00,2014-05-24,10,471
2014-05-24 11:00:00,2014-05-24,11,528
2014-05-24 12:00:00,2014-05-24,12,556
2014-05-24 13:00:00,2014-05-24,13,578
2014-05-24 14:00:00,2014-05-24,14,628
2014-05-24 15:00:00,2014-05-24,15,1120
2014-05-24 16:00:00,2014-05-24,16,1674
2014-05-24 17:00:00,2014-05-24,17,1154
2014-05-24 18:00:00,2014-05-24,18,878
2014-05-24 19:00:00,2014-05-24,19,748
2014-05-24 20:00:00,2014-05-24,20,730
2014-05-24 21:00:00,2014-05-24,21,787
2014-05-24 22:00:00,2014-05-24,22,900
2014-05-24 23:00:00,2014-05-24,23,688
2014-05-25 00:00:00,2014-05-25,0,463
2014-05-25 01:00:00,2014-05-25,1,350
2014-05-25 02:00:00,2014-05-25,2,236
2014-05-25 03:00:00,2014-05-25,3,199
2014-05-25 04:00:00,2014-05-25,4,111
2014-05-25 05:00:00,2014-05-25,5,114
2014-05-25 06:00:00,2014-05-25,6,136
2014-05-25 07:00:00,2014-05-25,7,178
2014-05-25 08:00:00,2014-05-25,8,235
2014-05-25 09:00:00,2014-05-25,9,336
2014-05-25 10:00:00,2014-05-25,10,394
2014-05-25 11:00:00,2014-05-25,11,478
2014-05-25 12:00:00,2014-05-25,12,574
2014-05-25 13:00:00,2014-05-25,13,602
2014-05-25 14:00:00,2014-05-25,14,553
2014-05-25 15:00:00,2014-05-25,15,703
2014-05-25 16:00:00,2014-05-25,16,718
2014-05-25 17:00:00,2014-05-25,17,696
2014-05-25 18:00:00,2014-05-25,18,681
2014-05-25 19:00:00,2014-05-25,19,597
2014-05-25 20:00:00,2014-05-25,20,550
2014-05-25 21:00:00,2014-05-25,21,635
2014-05-25 22:00:00,2014-05-25,22,707
2014-05-25 23:00:00,2014-05-25,23,595
2014-05-26 00:00:00,2014-05-26,0,369
2014-05-26 01:00:00,2014-05-26,1,228
2014-05-26 02:00:00,2014-05-26,2,126
2014-05-26 03:00:00,2014-05-26,3,153
2014-05-26 04:00:00,2014-05-26,4,132
2014-05-26 05:00:00,2014-05-26,5,131
2014-05-26 06:00:00,2014-05-26,6,148
2014-05-26 07:00:00,2014-05-26,7,189
2014-05-26 08:00:00,2014-05-26,8,220
2014-05-26 09:00:00,2014-05-26,9,309
2014-05-26 10:00:00,2014-05-26,10,414
2014-05-26 11:00:00,2014-05-26,11,446
2014-05-26 12:00:00,2014-05-26,12,496
2014-05-26 13:00:00,2014-05-26,13,593
2014-05-26 14:00:00,2014-05-26,14,688
2014-05-26 15:00:00,2014-05-26,15,741
2014-05-26 16:00:00,2014-05-26,16,691
2014-05-26 17:00:00,2014-05-26,17,731
2014-05-26 18:00:00,2014-05-26,18,658
2014-05-26 19:00:00,2014-05-26,19,702
2014-05-26 20:00:00,2014-05-26,20,634
2014-05-26 21:00:00,2014-05-26,21,629
2014-05-26 22:00:00,2014-05-26,22,476
2014-05-26 23:00:00,2014-05-26,23,298
2014-05-27 00:00:00,2014-05-27,0,141
2014-05-27 01:00:00,2014-05-27,1,77
2014-05-27 02:00:00,2014-05-27,2,58
2014-05-27 03:00:00,2014-05-27,3,159
2014-05-27 04:00:00,2014-05-27,4,267
2014-05-27 05:00:00,2014-05-27,5,459
2014-05-27 06:00:00,2014-05-27,6,859
2014-05-27 07:00:00,2014-05-27,7,1078
2014-05-27 08:00:00,2014-05-27,8,855
2014-05-27 09:00:00,2014-05-27,9,597
2014-05-27 10:00:00,2014-05-27,10,576
2014-05-27 11:00:00,2014-05-27,11,579
2014-05-27 12:00:00,2014-05-27,12,597
2014-05-27 13:00:00,2014-05-27,13,895
2014-05-27 14:00:00,2014-05-27,14,971
2014-05-27 15:00:00,2014-05-27,15,1157
2014-05-27 16:00:00,2014-05-27,16,1434
2014-05-27 17:00:00,2014-05-27,17,1479
2014-05-27 18:00:00,2014-05-27,18,1197
2014-05-27 19:00:00,2014-05-27,19,925
2014-05-27 20:00:00,2014-05-27,20,919
2014-05-27 21:00:00,2014-05-27,21,756
2014-05-27 22:00:00,2014-05-27,22,611
2014-05-27 23:00:00,2014-05-27,23,358
2014-05-28 00:00:00,2014-05-28,0,187
2014-05-28 01:00:00,2014-05-28,1,104
2014-05-28 02:00:00,2014-05-28,2,78
2014-05-28 03:00:00,2014-05-28,3,127
2014-05-28 04:00:00,2014-05-28,4,196
2014-05-28 05:00:00,2014-05-28,5,410
2014-05-28 06:00:00,2014-05-28,6,873
2014-05-28 07:00:00,2014-05-28,7,1243
2014-05-28 08:00:00,2014-05-28,8,981
2014-05-28 09:00:00,2014-05-28,9,716
2014-05-28 10:00:00,2014-05-28,10,687
2014-05-28 11:00:00,2014-05-28,11,730
2014-05-28 12:00:00,2014-05-28,12,690
2014-05-28 13:00:00,2014-05-28,13,892
2014-05-28 14:00:00,2014-05-28,14,1170
2014-05-28 15:00:00,2014-05-28,15,1597
2014-05-28 16:00:00,2014-05-28,16,1969
2014-05-28 17:00:00,2014-05-28,17,2027
2014-05-28 18:00:00,2014-05-28,18,1771
2014-05-28 19:00:00,2014-05-28,19,1444
2014-05-28 20:00:00,2014-05-28,20,1487
2014-05-28 21:00:00,2014-05-28,21,1411
2014-05-28 22:00:00,2014-05-28,22,955
2014-05-28 23:00:00,2014-05-28,23,495
2014-05-29 00:00:00,2014-05-29,0,243
2014-05-29 01:00:00,2014-05-29,1,130
2014-05-29 02:00:00,2014-05-29,2,84
2014-05-29 03:00:00,2014-05-29,3,125
2014-05-29 04:00:00,2014-05-29,4,212
2014-05-29 05:00:00,2014-05-29,5,398
2014-05-29 06:00:00,2014-05-29,6,912
2014-05-29 07:00:00,2014-05-29,7,1172
2014-05-29 08:00:00,2014-05-29,8,983
2014-05-29 09:00:00,2014-05-29,9,748
2014-05-29 10:00:00,2014-05-29,10,665
2014-05-29 11:00:00,2014-05-29,11,702
2014-05-29 12:00:00,2014-05-29,12,740
2014-05-29 13:00:00,2014-05-29,13,923
2014-05-29 14:00:00,2014-05-29,14,1236
2014-05-29 15:00:00,2014-05-29,15,1655
2014-05-29 16:00:00,2014-05-29,16,1868
2014-05-29 17:00:00,2014-05-29,17,2160
2014-05-29 18:00:00,2014-05-29,18,2051
2014-05-29 19:00:00,2014-05-29,19,1750
2014-05-29 20:00:00,2014-05-29,20,1790
2014-05-29 21:00:00,2014-05-29,21,1953
2014-05-29 22:00:00,2014-05-29,22,1629
2014-05-29 23:00:00,2014-05-29,23,801
2014-05-30 00:00:00,2014-05-30,0,393
2014-05-30 01:00:00,2014-05-30,1,201
2014-05-30 02:00:00,2014-05-30,2,124
2014-05-30 03:00:00,2014-05-30,3,175
2014-05-30 04:00:00,2014-05-30,4,240
2014-05-30 05:00:00,2014-05-30,5,398
2014-05-30 06:00:00,2014-05-30,6,854
2014-05-30 07:00:00,2014-05-30,7,1171
2014-05-30 08:00:00,2014-05-30,8,997
2014-05-30 09:00:00,2014-05-30,9,717
2014-05-30 10:00:00,2014-05-30,10,731
2014-05-30 11:00:00,2014-05-30,11,823
2014-05-30 12:00:00,2014-05-30,12,870
2014-05-30 13:00:00,2014-05-30,13,997
2014-05-30 14:00:00,2014-05-30,14,1308
2014-05-30 15:00:00,2014-05-30,15,1647
2014-05-30 16:00:00,2014-05-30,16,1808
2014-05-30 17:00:00,2014-05-30,17,1747
2014-05-30 18:00:00,2014-05-30,18,2245
2014-05-30 19:00:00,2014-05-30,19,1443
2014-05-30 20:00:00,2014-05-30,20,1316
2014-05-30 21:00:00,2014-05-30,21,1495
2014-05-30 22:00:00,2014-05-30,22,1470
2014-05-30 23:00:00,2014-05-30,23,1243
2014-05-31 00:00:00,2014-05-31,0,768
2014-05-31 01:00:00,2014-05-31,1,462
2014-05-31 02:00:00,2014-05-31,2,331
2014-05-31 03:00:00,2014-05-31,3,261
2014-05-31 04:00:00,2014-05-31,4,145
2014-05-31 05:00:00,2014-05-31,5,173
2014-05-31 06:00:00,2014-05-31,6,255
2014-05-31 07:00:00,2014-05-31,7,365
2014-05-31 08:00:00,2014-05-31,8,497
2014-05-31 09:00:00,2014-05-31,9,559
2014-05-31 10:00:00,2014-05-31,10,626
2014-05-31 11:00:00,2014-05-31,11,713
2014-05-31 12:00:00,2014-05-31,12,775
2014-05-31 13:00:00,2014-05-31,13,816
2014-05-31 14:00:00,2014-05-31,14,1265
2014-05-31 15:00:00,2014-05-31,15,1584
2014-05-31 16:00:00,2014-05-31,16,1551
2014-05-31 17:00:00,2014-05-31,17,1348
2014-05-31 18:00:00,2014-05-31,18,1470
2014-05-31 19:00:00,2014-05-31,19,1219
2014-05-31 20:00:00,2014-05-31,20,1203
2014-05-31 21:00:00,2014-05-31,21,1466
2014-05-31 22:00:00,2014-05-31,22,1793
2014-05-31 23:00:00,2014-05-31,23,1616
